vehicle_id,speed,travel_time,waiting_time,distance
vert.0,11.5303,33.0000,0.0000,380.5000
vert.1,11.5303,33.0000,0.0000,380.5000
vert.2,10.5694,36.0000,0.0000,380.5000
vert.3,10.8714,35.0000,0.0000,380.5000
vert.4,10.8714,35.0000,0.0000,380.5000
vert.5,10.5694,36.0000,0.0000,380.5000
vert.6,10.5694,36.0000,0.0000,380.5000
vert.7,10.8714,35.0000,0.0000,380.5000
vert.8,10.8714,35.0000,0.0000,380.5000
vert.9,10.8714,35.0000,0.0000,380.5000
anti.0,11.6824,67.0000,0.0000,782.7200
vert.10,10.5694,36.0000,0.0000,380.5000
anti.1,11.6824,67.0000,0.0000,782.7200
diag.0,11.0242,71.0000,0.0000,782.7200
diag.1,10.4363,75.0000,0.0000,782.7200
diag.2,10.0349,78.0000,0.0000,782.7200
anti.2,9.7840,80.0000,0.0000,782.7200
diag.3,9.9078,79.0000,0.0000,782.7200
diag.4,10.0349,78.0000,0.0000,782.7200
vert.11,10.0132,38.0000,0.0000,380.5000
anti.3,9.7840,80.0000,0.0000,782.7200
diag.5,9.9078,79.0000,0.0000,782.7200
anti.4,9.6632,81.0000,0.0000,782.7200
anti.5,9.6632,81.0000,0.0000,782.7200
anti.6,9.5454,82.0000,0.0000,782.7200
anti.7,9.7840,80.0000,0.0000,782.7200
diag.6,9.3181,84.0000,0.0000,782.7200
diag.7,9.4304,83.0000,0.0000,782.7200
anti.8,9.6632,81.0000,0.0000,782.7200
anti.9,9.6632,81.0000,0.0000,782.7200
diag.8,9.3181,84.0000,0.0000,782.7200
diag.9,9.1014,86.0000,0.0000,782.7200
anti.10,9.3181,84.0000,0.0000,782.7200
anti.11,9.3181,84.0000,0.0000,782.7200
cross.0,3.6238,105.0000,66.0000,380.5000
anti.12,9.3181,84.0000,0.0000,782.7200
diag.10,8.6969,90.0000,0.0000,782.7200
vert.12,7.7653,49.0000,1.0000,380.5000
cross.1,3.5561,107.0000,65.0000,380.5000
diag.11,8.6969,90.0000,0.0000,782.7200
anti.13,9.2085,85.0000,0.0000,782.7200
anti.14,9.3181,84.0000,0.0000,782.7200
anti.15,9.3181,84.0000,0.0000,782.7200
diag.12,8.5078,92.0000,0.0000,782.7200
anti.16,9.2085,85.0000,0.0000,782.7200
diag.13,8.3268,94.0000,0.0000,782.7200
anti.17,9.1014,86.0000,0.0000,782.7200
diag.14,8.2392,95.0000,0.0000,782.7200
vert.13,7.1792,53.0000,0.0000,380.5000
anti.18,9.1014,86.0000,0.0000,782.7200
diag.15,8.2392,95.0000,0.0000,782.7200
anti.19,8.9968,87.0000,0.0000,782.7200
diag.16,7.6737,102.0000,1.0000,782.7200
anti.20,8.4163,93.0000,0.0000,782.7200
anti.21,8.4163,93.0000,0.0000,782.7200
anti.22,8.4163,93.0000,0.0000,782.7200
anti.23,8.5078,92.0000,0.0000,782.7200
diag.17,7.3151,107.0000,1.0000,782.7200
diag.18,7.3151,107.0000,0.0000,782.7200
anti.24,8.3268,94.0000,0.0000,782.7200
anti.25,8.4163,93.0000,0.0000,782.7200
vert.14,6.6754,57.0000,0.0000,380.5000
diag.19,7.1156,110.0000,0.0000,782.7200
anti.26,8.2392,95.0000,0.0000,782.7200
anti.27,8.3268,94.0000,0.0000,782.7200
diag.20,7.1156,110.0000,0.0000,782.7200
diag.21,7.1156,110.0000,0.0000,782.7200
anti.28,8.2392,95.0000,0.0000,782.7200
diag.22,7.1156,110.0000,0.0000,782.7200
anti.29,8.2392,95.0000,0.0000,782.7200
diag.23,7.1156,110.0000,0.0000,782.7200
anti.30,8.0693,97.0000,0.0000,782.7200
anti.31,8.0693,97.0000,0.0000,782.7200
diag.24,6.8660,114.0000,0.0000,782.7200
diag.25,6.8660,114.0000,0.0000,782.7200
diag.26,6.8660,114.0000,0.0000,782.7200
anti.32,7.7497,101.0000,0.0000,782.7200
anti.33,7.8272,100.0000,0.0000,782.7200
diag.27,6.6899,117.0000,0.0000,782.7200
anti.34,7.9063,99.0000,0.0000,782.7200
diag.28,6.7476,116.0000,1.0000,782.7200
anti.35,7.9063,99.0000,0.0000,782.7200
anti.36,8.0693,97.0000,0.0000,782.7200
anti.37,8.1533,96.0000,0.0000,782.7200
diag.29,6.7476,116.0000,0.0000,782.7200
diag.30,6.7476,116.0000,0.0000,782.7200
cross.2,2.1994,173.0000,124.0000,380.5000
anti.38,8.1533,96.0000,0.0000,782.7200
diag.31,6.7476,116.0000,0.0000,782.7200
anti.39,8.3268,94.0000,0.0000,782.7200
diag.32,6.7476,116.0000,0.0000,782.7200
anti.40,8.3268,94.0000,0.0000,782.7200
diag.33,6.9267,113.0000,0.0000,782.7200
anti.41,8.2392,95.0000,0.0000,782.7200
anti.42,8.2392,95.0000,0.0000,782.7200
diag.34,6.6899,117.0000,0.0000,782.7200
anti.43,8.5078,92.0000,0.0000,782.7200
diag.35,6.6332,118.0000,0.0000,782.7200
anti.44,8.2392,95.0000,0.0000,782.7200
anti.45,8.2392,95.0000,0.0000,782.7200
diag.36,6.5227,120.0000,0.0000,782.7200
anti.46,8.3268,94.0000,0.0000,782.7200
diag.37,6.6332,118.0000,2.0000,782.7200
anti.47,8.2392,95.0000,0.0000,782.7200
diag.38,6.5775,119.0000,0.0000,782.7200
anti.48,8.4163,93.0000,0.0000,782.7200
anti.49,8.4163,93.0000,0.0000,782.7200
anti.50,8.5078,92.0000,0.0000,782.7200
anti.51,8.4163,93.0000,0.0000,782.7200
diag.39,6.3636,123.0000,0.0000,782.7200
diag.40,6.4157,122.0000,0.0000,782.7200
anti.52,8.5078,92.0000,0.0000,782.7200
diag.41,6.5775,119.0000,0.0000,782.7200
anti.53,8.3268,94.0000,0.0000,782.7200
diag.42,6.5227,120.0000,0.0000,782.7200
anti.54,8.5078,92.0000,0.0000,782.7200
diag.43,6.5227,120.0000,0.0000,782.7200
anti.55,8.5078,92.0000,0.0000,782.7200
diag.44,6.5227,120.0000,0.0000,782.7200
anti.56,8.4163,93.0000,0.0000,782.7200
diag.45,6.3123,124.0000,0.0000,782.7200
anti.57,8.3268,94.0000,0.0000,782.7200
diag.46,6.4157,122.0000,0.0000,782.7200
anti.58,8.4163,93.0000,0.0000,782.7200
anti.59,8.4163,93.0000,0.0000,782.7200
diag.47,6.4157,122.0000,0.0000,782.7200
diag.48,6.4157,122.0000,0.0000,782.7200
anti.60,8.4163,93.0000,0.0000,782.7200
diag.49,6.4157,122.0000,0.0000,782.7200
anti.61,8.5078,92.0000,0.0000,782.7200
diag.50,6.4688,121.0000,0.0000,782.7200
anti.62,8.5078,92.0000,0.0000,782.7200
anti.63,8.5078,92.0000,0.0000,782.7200
diag.51,6.3636,123.0000,0.0000,782.7200
anti.64,8.4163,93.0000,0.0000,782.7200
anti.65,8.6013,91.0000,0.0000,782.7200
diag.52,6.0676,129.0000,0.0000,782.7200
anti.66,8.5078,92.0000,0.0000,782.7200
diag.53,6.1150,128.0000,0.0000,782.7200
anti.67,8.4163,93.0000,0.0000,782.7200
diag.54,6.1150,128.0000,0.0000,782.7200
anti.68,8.4163,93.0000,0.0000,782.7200
diag.55,6.2121,126.0000,0.0000,782.7200
anti.69,8.4163,93.0000,0.0000,782.7200
anti.70,8.6013,91.0000,0.0000,782.7200
diag.56,6.0676,129.0000,0.0000,782.7200
diag.57,6.1150,128.0000,0.0000,782.7200
cross.3,1.5040,253.0000,197.0000,380.5000
diag.58,6.1150,128.0000,0.0000,782.7200
diag.59,6.3123,124.0000,0.0000,782.7200
diag.60,6.2618,125.0000,0.0000,782.7200
anti.71,8.0693,97.0000,0.0000,782.7200
diag.61,6.3636,123.0000,0.0000,782.7200
anti.72,8.1533,96.0000,0.0000,782.7200
diag.62,6.5227,120.0000,0.0000,782.7200
anti.73,8.1533,96.0000,0.0000,782.7200
anti.74,8.2392,95.0000,0.0000,782.7200
diag.63,6.4688,121.0000,0.0000,782.7200
anti.75,8.2392,95.0000,0.0000,782.7200
diag.64,6.5775,119.0000,0.0000,782.7200
anti.76,8.4163,93.0000,0.0000,782.7200
anti.77,8.4163,93.0000,0.0000,782.7200
diag.65,6.4688,121.0000,0.0000,782.7200
anti.78,8.2392,95.0000,0.0000,782.7200
diag.66,6.5775,119.0000,1.0000,782.7200
anti.79,8.3268,94.0000,0.0000,782.7200
diag.67,6.7476,116.0000,0.0000,782.7200
anti.80,8.3268,94.0000,0.0000,782.7200
diag.68,6.6899,117.0000,0.0000,782.7200
anti.81,8.3268,94.0000,0.0000,782.7200
diag.69,6.8660,114.0000,0.0000,782.7200
anti.82,8.6969,90.0000,0.0000,782.7200
diag.70,6.8660,114.0000,0.0000,782.7200
anti.83,8.4163,93.0000,0.0000,782.7200
anti.84,8.3268,94.0000,0.0000,782.7200
diag.71,6.4688,121.0000,0.0000,782.7200
anti.85,8.3268,94.0000,0.0000,782.7200
diag.72,6.5775,119.0000,0.0000,782.7200
anti.86,8.3268,94.0000,0.0000,782.7200
diag.73,6.6332,118.0000,0.0000,782.7200
anti.87,8.5078,92.0000,0.0000,782.7200
diag.74,6.7476,116.0000,0.0000,782.7200
anti.88,8.3268,94.0000,0.0000,782.7200
diag.75,6.6332,118.0000,0.0000,782.7200
anti.89,8.3268,94.0000,0.0000,782.7200
diag.76,6.6332,118.0000,0.0000,782.7200
diag.77,6.6899,117.0000,0.0000,782.7200
anti.90,8.1533,96.0000,0.0000,782.7200
diag.78,6.8063,115.0000,0.0000,782.7200
anti.91,8.1533,96.0000,0.0000,782.7200
diag.79,6.8660,114.0000,0.0000,782.7200
anti.92,7.9869,98.0000,0.0000,782.7200
diag.80,6.7476,116.0000,0.0000,782.7200
anti.93,8.0693,97.0000,0.0000,782.7200
diag.81,6.7476,116.0000,0.0000,782.7200
anti.94,8.2392,95.0000,0.0000,782.7200
diag.82,6.8063,115.0000,0.0000,782.7200
anti.95,8.4163,93.0000,0.0000,782.7200
cross.4,1.2079,315.0000,254.0000,380.5000
diag.83,6.8063,115.0000,0.0000,782.7200
anti.96,8.4163,93.0000,0.0000,782.7200
diag.84,6.7476,116.0000,0.0000,782.7200
diag.85,6.9886,112.0000,0.0000,782.7200
anti.97,8.4163,93.0000,0.0000,782.7200
diag.86,6.9886,112.0000,0.0000,782.7200
anti.98,8.2392,95.0000,0.0000,782.7200
diag.87,6.9886,112.0000,0.0000,782.7200
anti.99,8.0693,97.0000,0.0000,782.7200
diag.88,7.1809,109.0000,0.0000,782.7200
anti.100,8.0693,97.0000,0.0000,782.7200
diag.89,7.1156,110.0000,0.0000,782.7200
anti.101,8.1533,96.0000,0.0000,782.7200
anti.102,8.3268,94.0000,0.0000,782.7200
anti.103,8.4163,93.0000,0.0000,782.7200
diag.90,6.7476,116.0000,1.0000,782.7200
anti.104,8.1533,96.0000,0.0000,782.7200
diag.91,6.9267,113.0000,0.0000,782.7200
anti.105,8.1533,96.0000,0.0000,782.7200
diag.92,6.9886,112.0000,0.0000,782.7200
anti.106,8.3268,94.0000,0.0000,782.7200
diag.93,6.9267,113.0000,0.0000,782.7200
anti.107,8.5078,92.0000,0.0000,782.7200
diag.94,7.0515,111.0000,0.0000,782.7200
anti.108,8.5078,92.0000,0.0000,782.7200
anti.109,8.5078,92.0000,0.0000,782.7200
diag.95,6.9267,113.0000,0.0000,782.7200
diag.96,6.9886,112.0000,0.0000,782.7200
anti.110,8.6013,91.0000,0.0000,782.7200
diag.97,6.9886,112.0000,0.0000,782.7200
diag.98,6.9886,112.0000,0.0000,782.7200
anti.111,8.3268,94.0000,0.0000,782.7200
diag.99,6.9886,112.0000,0.0000,782.7200
anti.112,8.2392,95.0000,0.0000,782.7200
diag.100,6.8063,115.0000,0.0000,782.7200
anti.113,7.9869,98.0000,0.0000,782.7200
anti.114,7.9869,98.0000,0.0000,782.7200
diag.101,6.7476,116.0000,0.0000,782.7200
anti.115,8.1533,96.0000,0.0000,782.7200
diag.102,6.8063,115.0000,0.0000,782.7200
anti.116,8.2392,95.0000,0.0000,782.7200
diag.103,7.0515,111.0000,0.0000,782.7200
anti.117,8.0693,97.0000,0.0000,782.7200
diag.104,6.8660,114.0000,0.0000,782.7200
anti.118,7.9869,98.0000,0.0000,782.7200
diag.105,6.9267,113.0000,0.0000,782.7200
anti.119,7.9869,98.0000,0.0000,782.7200
diag.106,6.9267,113.0000,0.0000,782.7200
diag.107,6.8660,114.0000,0.0000,782.7200
anti.120,7.8272,100.0000,0.0000,782.7200
anti.121,7.9063,99.0000,0.0000,782.7200
diag.108,6.9267,113.0000,0.0000,782.7200
diag.109,6.9267,113.0000,0.0000,782.7200
anti.122,7.7497,101.0000,0.0000,782.7200
anti.123,8.0693,97.0000,0.0000,782.7200
anti.124,8.0693,97.0000,0.0000,782.7200
cross.5,0.9756,390.0000,317.0000,380.5000
anti.125,7.9869,98.0000,0.0000,782.7200
diag.110,6.4688,121.0000,0.0000,782.7200
diag.111,6.5227,120.0000,0.0000,782.7200
anti.126,7.9063,99.0000,0.0000,782.7200
diag.112,6.5227,120.0000,0.0000,782.7200
anti.127,7.9063,99.0000,0.0000,782.7200
diag.113,6.5227,120.0000,0.0000,782.7200
anti.128,7.9063,99.0000,0.0000,782.7200
diag.114,6.6332,118.0000,0.0000,782.7200
anti.129,7.9869,98.0000,0.0000,782.7200
diag.115,6.8063,115.0000,0.0000,782.7200
anti.130,7.8272,100.0000,0.0000,782.7200
diag.116,6.8660,114.0000,0.0000,782.7200
anti.131,8.2392,95.0000,0.0000,782.7200
anti.132,8.2392,95.0000,0.0000,782.7200
diag.117,6.8063,115.0000,0.0000,782.7200
diag.118,6.8063,115.0000,0.0000,782.7200
anti.133,8.0693,97.0000,0.0000,782.7200
anti.134,8.1533,96.0000,0.0000,782.7200
diag.119,6.9886,112.0000,0.0000,782.7200
diag.120,6.9267,113.0000,0.0000,782.7200
anti.135,7.9869,98.0000,0.0000,782.7200
diag.121,7.0515,111.0000,0.0000,782.7200
anti.136,7.9063,99.0000,0.0000,782.7200
diag.122,7.0515,111.0000,0.0000,782.7200
anti.137,7.9063,99.0000,0.0000,782.7200
diag.123,7.0515,111.0000,0.0000,782.7200
anti.138,7.8272,100.0000,0.0000,782.7200
diag.124,7.0515,111.0000,0.0000,782.7200
anti.139,7.9063,99.0000,0.0000,782.7200
diag.125,6.9267,113.0000,0.0000,782.7200
anti.140,7.8272,100.0000,0.0000,782.7200
diag.126,6.9886,112.0000,0.0000,782.7200
anti.141,7.8272,100.0000,0.0000,782.7200
diag.127,6.9267,113.0000,0.0000,782.7200
diag.128,6.9886,112.0000,0.0000,782.7200
anti.142,7.8272,100.0000,0.0000,782.7200
anti.143,7.8272,100.0000,0.0000,782.7200
diag.129,7.0515,111.0000,0.0000,782.7200
anti.144,7.9869,98.0000,0.0000,782.7200
anti.145,7.9869,98.0000,0.0000,782.7200
anti.146,7.9063,99.0000,0.0000,782.7200
diag.130,6.8063,115.0000,0.0000,782.7200
diag.131,6.8660,114.0000,0.0000,782.7200
anti.147,7.9869,98.0000,0.0000,782.7200
diag.132,6.8063,115.0000,0.0000,782.7200
diag.133,6.9886,112.0000,0.0000,782.7200
anti.148,7.9063,99.0000,0.0000,782.7200
diag.134,6.9886,112.0000,0.0000,782.7200
anti.149,8.0693,97.0000,0.0000,782.7200
diag.135,7.0515,111.0000,0.0000,782.7200
anti.150,8.0693,97.0000,0.0000,782.7200
diag.136,6.9886,112.0000,0.0000,782.7200
diag.137,6.9267,113.0000,0.0000,782.7200
cross.6,0.8254,461.0000,384.0000,380.5000
anti.151,7.5262,104.0000,0.0000,782.7200
diag.138,6.8660,114.0000,0.0000,782.7200
anti.152,7.5262,104.0000,0.0000,782.7200
diag.139,6.8660,114.0000,0.0000,782.7200
diag.140,7.1156,110.0000,0.0000,782.7200
anti.153,7.5992,103.0000,0.0000,782.7200
anti.154,7.6737,102.0000,0.0000,782.7200
anti.155,7.6737,102.0000,0.0000,782.7200
diag.141,6.8660,114.0000,0.0000,782.7200
anti.156,7.8272,100.0000,0.0000,782.7200
diag.142,6.9886,112.0000,0.0000,782.7200
diag.143,7.1809,109.0000,0.0000,782.7200
anti.157,7.6737,102.0000,0.0000,782.7200
diag.144,7.2474,108.0000,0.0000,782.7200
anti.158,7.5262,104.0000,0.0000,782.7200
anti.159,7.6737,102.0000,0.0000,782.7200
diag.145,6.9267,113.0000,0.0000,782.7200
diag.146,6.9267,113.0000,0.0000,782.7200
anti.160,7.5262,104.0000,0.0000,782.7200
diag.147,7.0515,111.0000,0.0000,782.7200
anti.161,7.5262,104.0000,0.0000,782.7200
anti.162,7.5262,104.0000,0.0000,782.7200
anti.163,7.6737,102.0000,0.0000,782.7200
diag.148,7.0515,111.0000,0.0000,782.7200
diag.149,6.9886,112.0000,0.0000,782.7200
anti.164,7.5992,103.0000,0.0000,782.7200
diag.150,7.1156,110.0000,0.0000,782.7200
anti.165,7.7497,101.0000,0.0000,782.7200
anti.166,7.7497,101.0000,0.0000,782.7200
anti.167,7.9063,99.0000,0.0000,782.7200
diag.151,6.7476,116.0000,0.0000,782.7200
diag.152,6.8063,115.0000,0.0000,782.7200
diag.153,6.8063,115.0000,0.0000,782.7200
anti.168,7.5262,104.0000,0.0000,782.7200
diag.154,6.8063,115.0000,0.0000,782.7200
anti.169,7.5262,104.0000,0.0000,782.7200
anti.170,7.6737,102.0000,0.0000,782.7200
anti.171,7.7497,101.0000,0.0000,782.7200
diag.155,6.6899,117.0000,0.0000,782.7200
diag.156,6.8660,114.0000,0.0000,782.7200
anti.172,7.6737,102.0000,0.0000,782.7200
diag.157,6.8063,115.0000,0.0000,782.7200
diag.158,6.8660,114.0000,0.0000,782.7200
anti.173,7.6737,102.0000,0.0000,782.7200
diag.159,6.9886,112.0000,0.0000,782.7200
anti.174,7.6737,102.0000,0.0000,782.7200
anti.175,7.5992,103.0000,0.0000,782.7200
diag.160,6.9267,113.0000,0.0000,782.7200
diag.161,6.9886,112.0000,0.0000,782.7200
anti.176,7.6737,102.0000,0.0000,782.7200
diag.162,6.8660,114.0000,0.0000,782.7200
diag.163,6.7476,116.0000,0.0000,782.7200
anti.177,7.2474,108.0000,0.0000,782.7200
diag.164,6.8660,114.0000,0.0000,782.7200
anti.178,7.2474,108.0000,0.0000,782.7200
diag.165,6.9267,113.0000,0.0000,782.7200
anti.179,7.3151,107.0000,0.0000,782.7200
anti.180,7.4545,105.0000,0.0000,782.7200
diag.166,6.9267,113.0000,0.0000,782.7200
diag.167,7.0515,111.0000,0.0000,782.7200
anti.181,7.4545,105.0000,0.0000,782.7200
cross.7,0.7046,540.0000,455.0000,380.5000
diag.168,7.0515,111.0000,0.0000,782.7200
anti.182,7.5262,104.0000,0.0000,782.7200
anti.183,7.5262,104.0000,0.0000,782.7200
diag.169,6.9267,113.0000,0.0000,782.7200
anti.184,7.6737,102.0000,0.0000,782.7200
diag.170,7.1809,109.0000,0.0000,782.7200
anti.185,7.5992,103.0000,0.0000,782.7200
diag.171,7.1809,109.0000,0.0000,782.7200
diag.172,7.1809,109.0000,0.0000,782.7200
anti.186,7.5992,103.0000,0.0000,782.7200
diag.173,7.3151,107.0000,0.0000,782.7200
anti.187,7.5262,104.0000,0.0000,782.7200
anti.188,7.5262,104.0000,0.0000,782.7200
diag.174,7.2474,108.0000,0.0000,782.7200
anti.189,7.1156,110.0000,0.0000,782.7200
diag.175,6.7476,116.0000,0.0000,782.7200
anti.190,7.1809,109.0000,0.0000,782.7200
diag.176,6.7476,116.0000,0.0000,782.7200
anti.191,7.2474,108.0000,0.0000,782.7200
diag.177,6.6899,117.0000,0.0000,782.7200
anti.192,7.2474,108.0000,0.0000,782.7200
diag.178,6.7476,116.0000,0.0000,782.7200
anti.193,7.3151,107.0000,0.0000,782.7200
anti.194,7.3151,107.0000,0.0000,782.7200
diag.179,6.6899,117.0000,0.0000,782.7200
anti.195,7.5262,104.0000,0.0000,782.7200
diag.180,6.8063,115.0000,0.0000,782.7200
anti.196,7.5262,104.0000,0.0000,782.7200
diag.181,6.9886,112.0000,0.0000,782.7200
anti.197,7.5262,104.0000,0.0000,782.7200
diag.182,6.9886,112.0000,0.0000,782.7200
anti.198,7.5262,104.0000,0.0000,782.7200
diag.183,6.9267,113.0000,0.0000,782.7200
anti.199,7.5262,104.0000,0.0000,782.7200
anti.200,7.5992,103.0000,0.0000,782.7200
anti.201,7.3842,106.0000,0.0000,782.7200
diag.184,6.4157,122.0000,0.0000,782.7200
anti.202,7.5262,104.0000,0.0000,782.7200
diag.185,6.4157,122.0000,0.0000,782.7200
diag.186,6.5227,120.0000,0.0000,782.7200
diag.187,6.5227,120.0000,0.0000,782.7200
diag.188,6.5775,119.0000,0.0000,782.7200
anti.203,7.3151,107.0000,0.0000,782.7200
diag.189,6.8660,114.0000,0.0000,782.7200
anti.204,7.3151,107.0000,0.0000,782.7200
diag.190,6.8063,115.0000,0.0000,782.7200
diag.191,6.8063,115.0000,0.0000,782.7200
anti.205,7.1809,109.0000,0.0000,782.7200
diag.192,6.8063,115.0000,0.0000,782.7200
anti.206,7.1809,109.0000,0.0000,782.7200
cross.8,0.6258,608.0000,518.0000,380.5000
anti.207,7.3842,106.0000,0.0000,782.7200
diag.193,6.9267,113.0000,0.0000,782.7200
anti.208,7.3842,106.0000,0.0000,782.7200
diag.194,6.8660,114.0000,0.0000,782.7200
anti.209,7.3842,106.0000,0.0000,782.7200
diag.195,6.8063,115.0000,0.0000,782.7200
anti.210,7.2474,108.0000,0.0000,782.7200
diag.196,6.8063,115.0000,0.0000,782.7200
anti.211,7.2474,108.0000,1.0000,782.7200
anti.212,7.4545,105.0000,0.0000,782.7200
diag.197,6.9886,112.0000,0.0000,782.7200
anti.213,7.4545,105.0000,0.0000,782.7200
anti.214,7.4545,105.0000,0.0000,782.7200
diag.198,6.8660,114.0000,0.0000,782.7200
diag.199,6.9267,113.0000,0.0000,782.7200
anti.215,7.5262,104.0000,0.0000,782.7200
anti.216,7.6737,102.0000,0.0000,782.7200
diag.200,6.8660,114.0000,1.0000,782.7200
diag.201,6.8660,114.0000,0.0000,782.7200
anti.217,7.5262,104.0000,0.0000,782.7200
diag.202,6.9886,112.0000,0.0000,782.7200
anti.218,7.3842,106.0000,0.0000,782.7200
diag.203,6.8660,114.0000,0.0000,782.7200
anti.219,7.5262,104.0000,0.0000,782.7200
anti.220,7.6737,102.0000,0.0000,782.7200
diag.204,6.7476,116.0000,0.0000,782.7200
anti.221,7.5992,103.0000,0.0000,782.7200
diag.205,6.8063,115.0000,0.0000,782.7200
anti.222,7.3842,106.0000,0.0000,782.7200
anti.223,7.6737,102.0000,0.0000,782.7200
anti.224,7.6737,102.0000,0.0000,782.7200
diag.206,6.4157,122.0000,0.0000,782.7200
anti.225,7.5992,103.0000,0.0000,782.7200
diag.207,6.4157,122.0000,0.0000,782.7200
anti.226,7.5262,104.0000,0.0000,782.7200
diag.208,6.4688,121.0000,0.0000,782.7200
anti.227,7.4545,105.0000,0.0000,782.7200
diag.209,6.6899,117.0000,0.0000,782.7200
diag.210,6.7476,116.0000,0.0000,782.7200
anti.228,7.5262,104.0000,0.0000,782.7200
diag.211,6.6899,117.0000,0.0000,782.7200
anti.229,7.4545,105.0000,0.0000,782.7200
diag.212,6.6332,118.0000,0.0000,782.7200
diag.213,6.7476,116.0000,0.0000,782.7200
anti.230,7.4545,105.0000,0.0000,782.7200
anti.231,7.6737,102.0000,0.0000,782.7200
anti.232,7.9063,99.0000,0.0000,782.7200
diag.214,6.8063,115.0000,0.0000,782.7200
diag.215,6.7476,116.0000,0.0000,782.7200
anti.233,7.6737,102.0000,0.0000,782.7200
diag.216,6.6899,117.0000,0.0000,782.7200
anti.234,7.7497,101.0000,0.0000,782.7200
diag.217,6.6899,117.0000,0.0000,782.7200
diag.218,6.7476,116.0000,0.0000,782.7200
anti.235,7.7497,101.0000,0.0000,782.7200
cross.9,0.5629,676.0000,574.0000,380.5000
anti.236,7.6737,102.0000,0.0000,782.7200
diag.219,6.6332,118.0000,0.0000,782.7200
anti.237,7.7497,101.0000,0.0000,782.7200
diag.220,6.8063,115.0000,0.0000,782.7200
anti.238,7.5992,103.0000,0.0000,782.7200
diag.221,6.7476,116.0000,0.0000,782.7200
anti.239,7.5262,104.0000,0.0000,782.7200
diag.222,6.7476,116.0000,0.0000,782.7200
diag.223,6.8063,115.0000,0.0000,782.7200
anti.240,7.5262,104.0000,0.0000,782.7200
anti.241,7.5992,103.0000,0.0000,782.7200
diag.224,6.6332,118.0000,0.0000,782.7200
anti.242,7.6737,102.0000,0.0000,782.7200
diag.225,6.6332,118.0000,1.0000,782.7200
diag.226,6.6899,117.0000,0.0000,782.7200
anti.243,7.5992,103.0000,0.0000,782.7200
diag.227,6.6899,117.0000,0.0000,782.7200
anti.244,7.6737,102.0000,0.0000,782.7200
diag.228,6.8063,115.0000,0.0000,782.7200
anti.245,7.7497,101.0000,0.0000,782.7200
anti.246,7.7497,101.0000,0.0000,782.7200
diag.229,6.6899,117.0000,0.0000,782.7200
anti.247,7.8272,100.0000,0.0000,782.7200
diag.230,6.6332,118.0000,0.0000,782.7200
diag.231,6.8063,115.0000,0.0000,782.7200
anti.248,7.5992,103.0000,0.0000,782.7200
diag.232,6.7476,116.0000,0.0000,782.7200
anti.249,7.5262,104.0000,0.0000,782.7200
diag.233,6.6332,118.0000,0.0000,782.7200
diag.234,6.8063,115.0000,0.0000,782.7200
anti.250,7.4545,105.0000,0.0000,782.7200
anti.251,7.4545,105.0000,0.0000,782.7200
diag.235,6.9886,112.0000,0.0000,782.7200
anti.252,7.5262,104.0000,0.0000,782.7200
diag.236,6.9267,113.0000,0.0000,782.7200
anti.253,7.4545,105.0000,0.0000,782.7200
diag.237,6.9886,112.0000,0.0000,782.7200
anti.254,7.5992,103.0000,0.0000,782.7200
anti.255,7.6737,102.0000,0.0000,782.7200
diag.238,6.7476,116.0000,0.0000,782.7200
anti.256,7.5992,103.0000,0.0000,782.7200
diag.239,6.9267,113.0000,0.0000,782.7200
diag.240,6.8660,114.0000,0.0000,782.7200
anti.257,7.5992,103.0000,0.0000,782.7200
anti.258,7.5262,104.0000,0.0000,782.7200
diag.241,6.8660,114.0000,0.0000,782.7200
anti.259,7.5992,103.0000,0.0000,782.7200
diag.242,6.8660,114.0000,0.0000,782.7200
anti.260,7.8272,100.0000,0.0000,782.7200
anti.261,7.7497,101.0000,0.0000,782.7200
diag.243,6.7476,116.0000,0.0000,782.7200
diag.244,6.7476,116.0000,0.0000,782.7200
anti.262,7.5262,104.0000,0.0000,782.7200
diag.245,6.8063,115.0000,0.0000,782.7200
anti.263,7.5992,103.0000,0.0000,782.7200
diag.246,6.9267,113.0000,0.0000,782.7200
anti.264,7.6737,102.0000,0.0000,782.7200
anti.265,7.7497,101.0000,0.0000,782.7200
diag.247,6.6332,118.0000,0.0000,782.7200
cross.10,0.5033,756.0000,641.0000,380.5000
diag.248,6.6332,118.0000,0.0000,782.7200
diag.249,6.7476,116.0000,0.0000,782.7200
diag.250,6.8660,114.0000,0.0000,782.7200
anti.266,7.2474,108.0000,0.0000,782.7200
diag.251,6.9267,113.0000,0.0000,782.7200
anti.267,7.3151,107.0000,0.0000,782.7200
diag.252,6.9886,112.0000,0.0000,782.7200
anti.268,7.3842,106.0000,0.0000,782.7200
anti.269,7.4545,105.0000,0.0000,782.7200
diag.253,6.9267,113.0000,0.0000,782.7200
anti.270,7.3842,106.0000,0.0000,782.7200
anti.271,7.3842,106.0000,0.0000,782.7200
diag.254,6.8063,115.0000,0.0000,782.7200
anti.272,7.5262,104.0000,0.0000,782.7200
diag.255,6.8660,114.0000,0.0000,782.7200
anti.273,7.5992,103.0000,0.0000,782.7200
anti.274,7.5992,103.0000,0.0000,782.7200
anti.275,7.5262,104.0000,0.0000,782.7200
diag.256,6.6899,117.0000,1.0000,782.7200
diag.257,6.7476,116.0000,0.0000,782.7200
anti.276,7.7497,101.0000,0.0000,782.7200
diag.258,6.8660,114.0000,0.0000,782.7200
anti.277,7.6737,102.0000,0.0000,782.7200
diag.259,6.9886,112.0000,0.0000,782.7200
anti.278,7.5262,104.0000,0.0000,782.7200
diag.260,7.0515,111.0000,0.0000,782.7200
anti.279,7.6737,102.0000,0.0000,782.7200
anti.280,7.5992,103.0000,0.0000,782.7200
diag.261,6.9267,113.0000,0.0000,782.7200
diag.262,7.0515,111.0000,0.0000,782.7200
diag.263,6.9886,112.0000,0.0000,782.7200
anti.281,7.3842,106.0000,0.0000,782.7200
anti.282,7.3842,106.0000,0.0000,782.7200
diag.264,6.8660,114.0000,0.0000,782.7200
anti.283,7.3151,107.0000,0.0000,782.7200
diag.265,6.8660,114.0000,0.0000,782.7200
anti.284,7.3151,107.0000,0.0000,782.7200
diag.266,6.7476,116.0000,0.0000,782.7200
anti.285,7.5262,104.0000,0.0000,782.7200
diag.267,6.8660,114.0000,0.0000,782.7200
anti.286,7.4545,105.0000,0.0000,782.7200
diag.268,6.7476,116.0000,0.0000,782.7200
anti.287,7.4545,105.0000,0.0000,782.7200
anti.288,7.6737,102.0000,0.0000,782.7200
diag.269,6.8063,115.0000,0.0000,782.7200
anti.289,7.5992,103.0000,0.0000,782.7200
anti.290,7.5262,104.0000,0.0000,782.7200
anti.291,7.7497,101.0000,0.0000,782.7200
diag.270,6.5227,120.0000,0.0000,782.7200
anti.292,7.6737,102.0000,0.0000,782.7200
diag.271,6.5227,120.0000,0.0000,782.7200
anti.293,7.6737,102.0000,0.0000,782.7200
diag.272,6.5227,120.0000,0.0000,782.7200
diag.273,6.5227,120.0000,0.0000,782.7200
anti.294,7.5262,104.0000,0.0000,782.7200
diag.274,6.6332,118.0000,0.0000,782.7200
anti.295,7.5992,103.0000,0.0000,782.7200
diag.275,6.6899,117.0000,0.0000,782.7200
anti.296,7.8272,100.0000,0.0000,782.7200
diag.276,6.8660,114.0000,0.0000,782.7200
diag.277,6.9267,113.0000,0.0000,782.7200
anti.297,7.7497,101.0000,0.0000,782.7200
diag.278,6.7476,116.0000,0.0000,782.7200
anti.298,7.5992,103.0000,0.0000,782.7200
anti.299,7.6737,102.0000,0.0000,782.7200
cross.11,0.4541,838.0000,721.0000,380.5000
diag.279,6.8660,114.0000,0.0000,782.7200
diag.280,6.9886,112.0000,0.0000,782.7200
anti.300,7.5992,103.0000,0.0000,782.7200
diag.281,7.0515,111.0000,0.0000,782.7200
anti.301,7.5262,104.0000,0.0000,782.7200
diag.282,7.0515,111.0000,0.0000,782.7200
anti.302,7.6737,102.0000,0.0000,782.7200
diag.283,6.9886,112.0000,0.0000,782.7200
diag.284,7.1156,110.0000,0.0000,782.7200
anti.303,7.5262,104.0000,0.0000,782.7200
diag.285,7.0515,111.0000,0.0000,782.7200
diag.286,7.1809,109.0000,0.0000,782.7200
anti.304,7.3151,107.0000,0.0000,782.7200
anti.305,7.3151,107.0000,0.0000,782.7200
anti.306,7.3151,107.0000,0.0000,782.7200
diag.287,6.9886,112.0000,0.0000,782.7200
anti.307,7.5262,104.0000,0.0000,782.7200
diag.288,7.0515,111.0000,0.0000,782.7200
anti.308,7.4545,105.0000,0.0000,782.7200
anti.309,7.5992,103.0000,0.0000,782.7200
diag.289,6.9267,113.0000,0.0000,782.7200
anti.310,7.5992,103.0000,0.0000,782.7200
diag.290,6.8660,114.0000,0.0000,782.7200
anti.311,7.5992,103.0000,0.0000,782.7200
diag.291,6.8660,114.0000,0.0000,782.7200
anti.312,7.4545,105.0000,0.0000,782.7200
anti.313,7.4545,105.0000,0.0000,782.7200
diag.292,6.7476,116.0000,0.0000,782.7200
diag.293,6.8063,115.0000,0.0000,782.7200
anti.314,7.3842,106.0000,0.0000,782.7200
diag.294,6.8660,114.0000,0.0000,782.7200
anti.315,7.4545,105.0000,0.0000,782.7200
diag.295,6.9886,112.0000,0.0000,782.7200
anti.316,7.6737,102.0000,0.0000,782.7200
anti.317,7.6737,102.0000,0.0000,782.7200
anti.318,7.5992,103.0000,0.0000,782.7200
diag.296,6.8063,115.0000,0.0000,782.7200
diag.297,6.7476,116.0000,0.0000,782.7200
anti.319,7.5992,103.0000,0.0000,782.7200
diag.298,6.8063,115.0000,0.0000,782.7200
anti.320,7.7497,101.0000,0.0000,782.7200
diag.299,6.9267,113.0000,0.0000,782.7200
anti.321,7.6737,102.0000,0.0000,782.7200
diag.300,6.9267,113.0000,0.0000,782.7200
anti.322,7.6737,102.0000,0.0000,782.7200
diag.301,6.8660,114.0000,0.0000,782.7200
diag.302,6.9267,113.0000,0.0000,782.7200
anti.323,7.5992,103.0000,0.0000,782.7200
anti.324,7.5992,103.0000,0.0000,782.7200
diag.303,6.9886,112.0000,0.0000,782.7200
diag.304,6.8660,114.0000,0.0000,782.7200
anti.325,7.5992,103.0000,0.0000,782.7200
anti.326,7.8272,100.0000,0.0000,782.7200
diag.305,6.8660,114.0000,0.0000,782.7200
diag.306,6.9886,112.0000,0.0000,782.7200
cross.12,0.4195,907.0000,783.0000,380.5000
diag.307,6.9267,113.0000,0.0000,782.7200
anti.327,7.4545,105.0000,0.0000,782.7200
diag.308,7.0515,111.0000,0.0000,782.7200
diag.309,7.2474,108.0000,0.0000,782.7200
anti.328,7.5992,103.0000,0.0000,782.7200
anti.329,7.5262,104.0000,0.0000,782.7200
diag.310,7.2474,108.0000,0.0000,782.7200
anti.330,7.5262,104.0000,0.0000,782.7200
diag.311,7.2474,108.0000,0.0000,782.7200
anti.331,7.5262,104.0000,0.0000,782.7200
anti.332,7.6737,102.0000,0.0000,782.7200
diag.312,7.0515,111.0000,0.0000,782.7200
anti.333,7.9869,98.0000,0.0000,782.7200
diag.313,7.1156,110.0000,0.0000,782.7200
anti.334,7.8272,100.0000,0.0000,782.7200
diag.314,6.9267,113.0000,1.0000,782.7200
anti.335,7.6737,102.0000,0.0000,782.7200
anti.336,7.7497,101.0000,0.0000,782.7200
diag.315,7.0515,111.0000,0.0000,782.7200
anti.337,7.6737,102.0000,0.0000,782.7200
anti.338,7.6737,102.0000,0.0000,782.7200
diag.316,7.1156,110.0000,0.0000,782.7200
diag.317,7.0515,111.0000,0.0000,782.7200
anti.339,7.5992,103.0000,0.0000,782.7200
diag.318,7.1156,110.0000,0.0000,782.7200
anti.340,7.6737,102.0000,0.0000,782.7200
diag.319,7.0515,111.0000,0.0000,782.7200
anti.341,7.5992,103.0000,0.0000,782.7200
diag.320,7.1809,109.0000,0.0000,782.7200
anti.342,7.5992,103.0000,0.0000,782.7200
diag.321,7.1809,109.0000,0.0000,782.7200
anti.343,7.6737,102.0000,0.0000,782.7200
diag.322,7.1156,110.0000,0.0000,782.7200
diag.323,7.1156,110.0000,0.0000,782.7200
anti.344,7.3842,106.0000,0.0000,782.7200
anti.345,7.5262,104.0000,0.0000,782.7200
diag.324,6.9886,112.0000,0.0000,782.7200
anti.346,7.4545,105.0000,0.0000,782.7200
diag.325,6.9267,113.0000,0.0000,782.7200
anti.347,7.4545,105.0000,0.0000,782.7200
diag.326,6.8660,114.0000,0.0000,782.7200
anti.348,7.3842,106.0000,0.0000,782.7200
diag.327,6.8660,114.0000,0.0000,782.7200
diag.328,7.0515,111.0000,0.0000,782.7200
anti.349,7.3842,106.0000,0.0000,782.7200
anti.350,7.3151,107.0000,0.0000,782.7200
diag.329,6.9267,113.0000,0.0000,782.7200
anti.351,7.5992,103.0000,0.0000,782.7200
diag.330,6.9267,113.0000,0.0000,782.7200
anti.352,7.5262,104.0000,0.0000,782.7200
anti.353,7.5262,104.0000,0.0000,782.7200
diag.331,6.9886,112.0000,0.0000,782.7200
diag.332,7.1156,110.0000,0.0000,782.7200
anti.354,7.5992,103.0000,0.0000,782.7200
diag.333,6.9267,113.0000,0.0000,782.7200
anti.355,7.5262,104.0000,0.0000,782.7200
anti.356,7.5992,103.0000,0.0000,782.7200
diag.334,6.6899,117.0000,0.0000,782.7200
anti.357,7.3842,106.0000,0.0000,782.7200
diag.335,6.8660,114.0000,0.0000,782.7200
anti.358,7.4545,105.0000,0.0000,782.7200
diag.336,6.9267,113.0000,0.0000,782.7200
anti.359,7.5262,104.0000,0.0000,782.7200
cross.13,0.3851,988.0000,853.0000,380.5000
diag.337,6.9267,113.0000,0.0000,782.7200
diag.338,7.1156,110.0000,0.0000,782.7200
diag.339,6.9886,112.0000,0.0000,782.7200
anti.360,7.1809,109.0000,0.0000,782.7200
diag.340,7.0515,111.0000,0.0000,782.7200
anti.361,7.3842,106.0000,0.0000,782.7200
diag.341,7.0515,111.0000,0.0000,782.7200
anti.362,7.3842,106.0000,0.0000,782.7200
anti.363,7.3842,106.0000,0.0000,782.7200
diag.342,6.9886,112.0000,0.0000,782.7200
anti.364,7.4545,105.0000,0.0000,782.7200
diag.343,6.9886,112.0000,0.0000,782.7200
anti.365,7.3151,107.0000,0.0000,782.7200
anti.366,7.4545,105.0000,0.0000,782.7200
diag.344,6.9267,113.0000,0.0000,782.7200
anti.367,7.4545,105.0000,0.0000,782.7200
diag.345,6.8660,114.0000,0.0000,782.7200
anti.368,7.3842,106.0000,0.0000,782.7200
diag.346,6.9886,112.0000,0.0000,782.7200
anti.369,7.5262,104.0000,0.0000,782.7200
diag.347,6.9886,112.0000,0.0000,782.7200
diag.348,6.9886,112.0000,0.0000,782.7200
anti.370,7.3842,106.0000,0.0000,782.7200
anti.371,7.5992,103.0000,0.0000,782.7200
diag.349,6.9886,112.0000,0.0000,782.7200
diag.350,7.1156,110.0000,0.0000,782.7200
anti.372,7.4545,105.0000,0.0000,782.7200
diag.351,6.9886,112.0000,0.0000,782.7200
anti.373,7.3151,107.0000,0.0000,782.7200
diag.352,7.1156,110.0000,0.0000,782.7200
anti.374,7.2474,108.0000,0.0000,782.7200
diag.353,7.0515,111.0000,0.0000,782.7200
anti.375,7.1809,109.0000,0.0000,782.7200
diag.354,7.0515,111.0000,0.0000,782.7200
diag.355,6.9886,112.0000,0.0000,782.7200
anti.376,6.9886,112.0000,0.0000,782.7200
diag.356,7.1156,110.0000,0.0000,782.7200
anti.377,7.1809,109.0000,0.0000,782.7200
diag.357,7.1156,110.0000,0.0000,782.7200
anti.378,7.1809,109.0000,0.0000,782.7200
anti.379,7.1809,109.0000,0.0000,782.7200
diag.358,7.0515,111.0000,0.0000,782.7200
anti.380,7.2474,108.0000,0.0000,782.7200
diag.359,6.9886,112.0000,0.0000,782.7200
diag.360,6.9886,112.0000,0.0000,782.7200
anti.381,7.2474,108.0000,0.0000,782.7200
diag.361,6.9886,112.0000,0.0000,782.7200
anti.382,7.3151,107.0000,0.0000,782.7200
anti.383,7.2474,108.0000,0.0000,782.7200
diag.362,6.8660,114.0000,0.0000,782.7200
anti.384,7.2474,108.0000,0.0000,782.7200
diag.363,6.8660,114.0000,0.0000,782.7200
anti.385,7.3842,106.0000,0.0000,782.7200
anti.386,7.2474,108.0000,0.0000,782.7200
diag.364,6.8063,115.0000,0.0000,782.7200
anti.387,7.2474,108.0000,0.0000,782.7200
diag.365,7.0515,111.0000,0.0000,782.7200
diag.366,7.0515,111.0000,0.0000,782.7200
cross.14,0.3576,1064.0000,918.0000,380.5000
diag.367,7.0515,111.0000,0.0000,782.7200
anti.388,7.0515,111.0000,0.0000,782.7200
diag.368,7.0515,111.0000,0.0000,782.7200
anti.389,7.1809,109.0000,0.0000,782.7200
anti.390,7.3151,107.0000,0.0000,782.7200
diag.369,7.1156,110.0000,0.0000,782.7200
diag.370,7.1156,110.0000,0.0000,782.7200
anti.391,7.1809,109.0000,0.0000,782.7200
diag.371,7.1809,109.0000,0.0000,782.7200
anti.392,7.2474,108.0000,0.0000,782.7200
diag.372,7.2474,108.0000,0.0000,782.7200
anti.393,7.2474,108.0000,0.0000,782.7200
anti.394,7.4545,105.0000,0.0000,782.7200
diag.373,7.1809,109.0000,0.0000,782.7200
anti.395,7.3151,107.0000,0.0000,782.7200
anti.396,7.3151,107.0000,0.0000,782.7200
diag.374,6.9886,112.0000,0.0000,782.7200
anti.397,7.5992,103.0000,0.0000,782.7200
anti.398,7.5992,103.0000,0.0000,782.7200
diag.375,7.0515,111.0000,0.0000,782.7200
diag.376,6.9886,112.0000,0.0000,782.7200
anti.399,7.5262,104.0000,0.0000,782.7200
anti.400,7.5992,103.0000,0.0000,782.7200
diag.377,7.0515,111.0000,0.0000,782.7200
anti.401,7.5992,103.0000,0.0000,782.7200
anti.402,7.5992,103.0000,0.0000,782.7200
diag.378,6.9267,113.0000,0.0000,782.7200
diag.379,6.9267,113.0000,0.0000,782.7200
anti.403,7.5262,104.0000,0.0000,782.7200
diag.380,6.9267,113.0000,0.0000,782.7200
anti.404,7.3842,106.0000,0.0000,782.7200
anti.405,7.3151,107.0000,0.0000,782.7200
diag.381,6.8063,115.0000,0.0000,782.7200
diag.382,6.8063,115.0000,0.0000,782.7200
anti.406,7.2474,108.0000,0.0000,782.7200
diag.383,6.8063,115.0000,0.0000,782.7200
anti.407,7.3151,107.0000,0.0000,782.7200
diag.384,6.9267,113.0000,0.0000,782.7200
diag.385,6.9267,113.0000,0.0000,782.7200
anti.408,7.1809,109.0000,1.0000,782.7200
diag.386,7.0515,111.0000,0.0000,782.7200
anti.409,7.4545,105.0000,0.0000,782.7200
diag.387,7.1156,110.0000,0.0000,782.7200
anti.410,7.4545,105.0000,0.0000,782.7200
anti.411,7.5992,103.0000,0.0000,782.7200
anti.412,7.4545,105.0000,0.0000,782.7200
diag.388,6.8063,115.0000,0.0000,782.7200
anti.413,7.3842,106.0000,0.0000,782.7200
diag.389,6.9267,113.0000,0.0000,782.7200
diag.390,6.9267,113.0000,0.0000,782.7200
anti.414,7.5262,104.0000,0.0000,782.7200
diag.391,6.9886,112.0000,0.0000,782.7200
anti.415,7.4545,105.0000,0.0000,782.7200
diag.392,6.9267,113.0000,0.0000,782.7200
anti.416,7.4545,105.0000,0.0000,782.7200
diag.393,6.9267,113.0000,0.0000,782.7200
diag.394,7.0515,111.0000,0.0000,782.7200
anti.417,7.3151,107.0000,0.0000,782.7200
diag.395,6.9886,112.0000,0.0000,782.7200
anti.418,7.3151,107.0000,0.0000,782.7200
diag.396,6.9886,112.0000,0.0000,782.7200
anti.419,7.3151,107.0000,0.0000,782.7200
anti.420,7.3151,107.0000,0.0000,782.7200
anti.421,7.3842,106.0000,0.0000,782.7200
diag.397,6.8660,114.0000,0.0000,782.7200
cross.15,0.3323,1145.0000,995.0000,380.5000
anti.422,7.5992,103.0000,0.0000,782.7200
diag.398,6.9886,112.0000,0.0000,782.7200
anti.423,7.5992,103.0000,0.0000,782.7200
diag.399,6.9886,112.0000,0.0000,782.7200
diag.400,6.9886,112.0000,0.0000,782.7200
diag.401,6.9886,112.0000,0.0000,782.7200
anti.424,7.1156,110.0000,0.0000,782.7200
diag.402,6.9267,113.0000,0.0000,782.7200
anti.425,7.1809,109.0000,0.0000,782.7200
diag.403,6.9886,112.0000,0.0000,782.7200
anti.426,7.2474,108.0000,0.0000,782.7200
diag.404,6.9886,112.0000,0.0000,782.7200
anti.427,7.2474,108.0000,0.0000,782.7200
diag.405,6.9267,113.0000,0.0000,782.7200
anti.428,7.1809,109.0000,0.0000,782.7200
diag.406,7.1156,110.0000,0.0000,782.7200
anti.429,7.2474,108.0000,0.0000,782.7200
anti.430,7.4545,105.0000,0.0000,782.7200
anti.431,7.5262,104.0000,0.0000,782.7200
diag.407,6.9267,113.0000,0.0000,782.7200
diag.408,6.9267,113.0000,0.0000,782.7200
anti.432,7.3151,107.0000,0.0000,782.7200
anti.433,7.4545,105.0000,0.0000,782.7200
diag.409,6.9886,112.0000,0.0000,782.7200
anti.434,7.4545,105.0000,0.0000,782.7200
diag.410,6.9267,113.0000,0.0000,782.7200
anti.435,7.3842,106.0000,0.0000,782.7200
diag.411,6.9886,112.0000,0.0000,782.7200
anti.436,7.4545,105.0000,0.0000,782.7200
anti.437,7.5262,104.0000,0.0000,782.7200
diag.412,6.8660,114.0000,0.0000,782.7200
anti.438,7.5262,104.0000,0.0000,782.7200
diag.413,6.9267,113.0000,0.0000,782.7200
anti.439,7.5262,104.0000,0.0000,782.7200
diag.414,6.8660,114.0000,0.0000,782.7200
anti.440,7.5262,104.0000,0.0000,782.7200
diag.415,6.8660,114.0000,0.0000,782.7200
anti.441,7.5992,103.0000,0.0000,782.7200
diag.416,7.1156,110.0000,0.0000,782.7200
diag.417,7.0515,111.0000,0.0000,782.7200
anti.442,7.5262,104.0000,0.0000,782.7200
diag.418,7.1809,109.0000,0.0000,782.7200
anti.443,7.5992,103.0000,0.0000,782.7200
anti.444,7.5992,103.0000,0.0000,782.7200
diag.419,6.9886,112.0000,0.0000,782.7200
anti.445,7.5992,103.0000,0.0000,782.7200
diag.420,6.9886,112.0000,0.0000,782.7200
anti.446,7.5262,104.0000,0.0000,782.7200
diag.421,7.1156,110.0000,0.0000,782.7200
diag.422,7.0515,111.0000,0.0000,782.7200
anti.447,7.3842,106.0000,0.0000,782.7200
diag.423,6.9886,112.0000,0.0000,782.7200
anti.448,7.5992,103.0000,0.0000,782.7200
diag.424,6.9886,112.0000,0.0000,782.7200
anti.449,7.4545,105.0000,0.0000,782.7200
anti.450,7.5992,103.0000,0.0000,782.7200
cross.16,0.3127,1217.0000,1050.0000,380.5000
anti.451,7.4545,105.0000,0.0000,782.7200
anti.452,7.5262,104.0000,0.0000,782.7200
anti.453,7.4545,105.0000,0.0000,782.7200
anti.454,7.6737,102.0000,0.0000,782.7200
diag.425,6.3123,124.0000,0.0000,782.7200
anti.455,7.5992,103.0000,0.0000,782.7200
diag.426,6.3123,124.0000,0.0000,782.7200
diag.427,6.3636,123.0000,0.0000,782.7200
anti.456,7.5262,104.0000,0.0000,782.7200
diag.428,6.6899,117.0000,0.0000,782.7200
anti.457,7.5262,104.0000,0.0000,782.7200
diag.429,6.6332,118.0000,0.0000,782.7200
diag.430,6.5775,119.0000,0.0000,782.7200
anti.458,7.5262,104.0000,0.0000,782.7200
diag.431,6.6332,118.0000,0.0000,782.7200
anti.459,7.5992,103.0000,0.0000,782.7200
diag.432,6.5775,119.0000,0.0000,782.7200
anti.460,7.5992,103.0000,0.0000,782.7200
anti.461,7.5262,104.0000,0.0000,782.7200
diag.433,6.6899,117.0000,0.0000,782.7200
anti.462,7.5262,104.0000,0.0000,782.7200
diag.434,6.6332,118.0000,0.0000,782.7200
anti.463,7.5992,103.0000,0.0000,782.7200
diag.435,6.4157,122.0000,0.0000,782.7200
diag.436,6.4157,122.0000,0.0000,782.7200
diag.437,6.4688,121.0000,0.0000,782.7200
anti.464,7.1156,110.0000,0.0000,782.7200
diag.438,6.5227,120.0000,0.0000,782.7200
anti.465,7.2474,108.0000,0.0000,782.7200
diag.439,6.7476,116.0000,0.0000,782.7200
anti.466,7.1809,109.0000,0.0000,782.7200
anti.467,7.3842,106.0000,0.0000,782.7200
diag.440,6.6899,117.0000,0.0000,782.7200
anti.468,7.3842,106.0000,0.0000,782.7200
diag.441,6.5775,119.0000,0.0000,782.7200
anti.469,7.2474,108.0000,0.0000,782.7200
anti.470,7.3151,107.0000,0.0000,782.7200
